agent_id,horizon_step_0,horizon_step_1,horizon_step_2,horizon_step_3,horizon_step_4
0,"(9, 1)","(13, 0)","(13, 0)","(13, 0)","(13, 0)"
1,"(16, 1)","(10, 0)","(10, 0)","(10, 0)","(10, 0)"
2,"(4, 1)","(1, 1)","(6, 0)","(6, 0)","(6, 0)"
3,"(10, 1)","(7, 1)","(18, 0)","(18, 0)","(18, 0)"
4,"(12, 1)","(19, 1)","(18, 0)","(18, 0)","(18, 0)"
5,"(15, 0)","(15, 0)","(15, 0)","(15, 0)","(15, 0)"
6,"(14, 1)","(13, 0)","(13, 0)","(13, 0)","(13, 0)"
7,"(11, 1)","(7, 1)","(18, 0)","(18, 0)","(18, 0)"
8,"(6, 1)","(3, 1)","(18, 0)","(18, 0)","(18, 0)"
9,"(10, 1)","(7, 1)","(18, 0)","(18, 0)","(18, 0)"
10,"(1, 1)","(2, 1)","(3, 1)","(18, 0)","(18, 0)"
11,"(7, 1)","(18, 0)","(18, 0)","(18, 0)","(18, 0)"
12,"(9, 1)","(6, 1)","(3, 1)","(18, 0)","(18, 0)"
13,"(15, 1)","(11, 1)","(19, 1)","(18, 0)","(18, 0)"
14,"(1, 1)","(2, 1)","(3, 1)","(18, 0)","(18, 0)"
15,"(14, 1)","(15, 0)","(15, 0)","(15, 0)","(15, 0)"
16,"(7, 1)","(18, 0)","(18, 0)","(18, 0)","(18, 0)"
17,"(13, 0)","(13, 0)","(13, 0)","(13, 0)","(13, 0)"
18,"(16, 1)","(11, 0)","(11, 0)","(11, 0)","(11, 0)"
19,"(10, 1)","(7, 1)","(18, 0)","(18, 0)","(18, 0)"
20,"(6, 1)","(3, 1)","(18, 0)","(18, 0)","(18, 0)"
21,"(3, 1)","(18, 0)","(18, 0)","(18, 0)","(18, 0)"
22,"(0, 0)","(0, 0)","(0, 0)","(0, 0)","(0, 0)"
23,"(13, 1)","(14, 0)","(14, 0)","(14, 0)","(14, 0)"
24,"(13, 0)","(13, 0)","(13, 0)","(13, 0)","(13, 0)"
25,"(0, 1)","(5, 0)","(5, 0)","(5, 0)","(5, 0)"
26,"(3, 1)","(18, 0)","(18, 0)","(18, 0)","(18, 0)"
27,"(3, 1)","(18, 0)","(18, 0)","(18, 0)","(18, 0)"
28,"(1, 1)","(2, 1)","(3, 1)","(18, 0)","(18, 0)"
29,"(8, 1)","(4, 1)","(0, 0)","(0, 0)","(0, 0)"
30,"(0, 1)","(1, 1)","(2, 1)","(3, 1)","(18, 0)"
31,"(6, 1)","(3, 1)","(18, 0)","(18, 0)","(18, 0)"
32,"(14, 1)","(10, 0)","(10, 0)","(10, 0)","(10, 0)"
33,"(3, 1)","(18, 0)","(18, 0)","(18, 0)","(18, 0)"
34,"(12, 1)","(19, 1)","(18, 0)","(18, 0)","(18, 0)"
35,"(4, 0)","(4, 0)","(4, 0)","(4, 0)","(4, 0)"
36,"(15, 1)","(10, 0)","(10, 0)","(10, 0)","(10, 0)"
37,"(14, 1)","(10, 1)","(7, 1)","(18, 0)","(18, 0)"
38,"(6, 0)","(6, 0)","(6, 0)","(6, 0)","(6, 0)"
39,"(0, 1)","(4, 0)","(4, 0)","(4, 0)","(4, 0)"
40,"(4, 1)","(5, 0)","(5, 0)","(5, 0)","(5, 0)"
41,"(0, 1)","(4, 0)","(4, 0)","(4, 0)","(4, 0)"
42,"(4, 1)","(1, 0)","(1, 0)","(1, 0)","(1, 0)"
43,"(1, 1)","(6, 1)","(3, 1)","(18, 0)","(18, 0)"
44,"(7, 1)","(18, 0)","(18, 0)","(18, 0)","(18, 0)"
45,"(1, 1)","(2, 1)","(3, 1)","(18, 0)","(18, 0)"
46,"(1, 1)","(2, 1)","(3, 1)","(18, 0)","(18, 0)"
47,"(5, 0)","(5, 0)","(5, 0)","(5, 0)","(5, 0)"
48,"(8, 1)","(5, 1)","(2, 1)","(3, 1)","(18, 0)"
49,"(1, 1)","(6, 0)","(6, 0)","(6, 0)","(6, 0)"
50,"(1, 1)","(2, 1)","(3, 1)","(18, 0)","(18, 0)"
51,"(17, 0)","(17, 0)","(17, 0)","(17, 0)","(17, 0)"
52,"(7, 1)","(18, 0)","(18, 0)","(18, 0)","(18, 0)"
53,"(0, 1)","(5, 0)","(5, 0)","(5, 0)","(5, 0)"
54,"(13, 1)","(14, 0)","(14, 0)","(14, 0)","(14, 0)"
55,"(6, 1)","(3, 1)","(18, 0)","(18, 0)","(18, 0)"
56,"(5, 0)","(5, 0)","(5, 0)","(5, 0)","(5, 0)"
57,"(11, 1)","(19, 1)","(18, 0)","(18, 0)","(18, 0)"
58,"(10, 0)","(10, 0)","(10, 0)","(10, 0)","(10, 0)"
59,"(14, 1)","(15, 0)","(15, 0)","(15, 0)","(15, 0)"
60,"(1, 1)","(0, 0)","(0, 0)","(0, 0)","(0, 0)"
61,"(13, 0)","(13, 0)","(13, 0)","(13, 0)","(13, 0)"
62,"(15, 0)","(15, 0)","(15, 0)","(15, 0)","(15, 0)"
63,"(17, 1)","(12, 1)","(19, 1)","(18, 0)","(18, 0)"
64,"(17, 1)","(12, 1)","(19, 1)","(18, 0)","(18, 0)"
65,"(8, 0)","(8, 0)","(8, 0)","(8, 0)","(8, 0)"
66,"(0, 1)","(1, 0)","(1, 0)","(1, 0)","(1, 0)"
67,"(7, 1)","(18, 0)","(18, 0)","(18, 0)","(18, 0)"
68,"(4, 1)","(1, 1)","(6, 1)","(3, 1)","(18, 0)"
69,"(6, 1)","(3, 1)","(18, 0)","(18, 0)","(18, 0)"
70,"(14, 0)","(14, 0)","(14, 0)","(14, 0)","(14, 0)"
71,"(0, 1)","(5, 0)","(5, 0)","(5, 0)","(5, 0)"
72,"(11, 1)","(7, 1)","(18, 0)","(18, 0)","(18, 0)"
73,"(1, 1)","(2, 1)","(3, 1)","(18, 0)","(18, 0)"
74,"(1, 1)","(2, 1)","(3, 1)","(18, 0)","(18, 0)"
75,"(12, 0)","(12, 0)","(12, 0)","(12, 0)","(12, 0)"
76,"(12, 1)","(19, 1)","(18, 0)","(18, 0)","(18, 0)"
77,"(10, 1)","(7, 1)","(18, 0)","(18, 0)","(18, 0)"
78,"(13, 1)","(14, 1)","(15, 0)","(15, 0)","(15, 0)"
79,"(15, 1)","(11, 1)","(19, 1)","(18, 0)","(18, 0)"
80,"(0, 1)","(5, 1)","(2, 1)","(3, 1)","(18, 0)"
81,"(15, 1)","(10, 0)","(10, 0)","(10, 0)","(10, 0)"
82,"(10, 1)","(7, 1)","(18, 0)","(18, 0)","(18, 0)"
83,"(9, 1)","(13, 0)","(13, 0)","(13, 0)","(13, 0)"
84,"(10, 1)","(7, 1)","(18, 0)","(18, 0)","(18, 0)"
85,"(16, 1)","(12, 1)","(19, 1)","(18, 0)","(18, 0)"
86,"(5, 0)","(5, 0)","(5, 0)","(5, 0)","(5, 0)"
87,"(4, 1)","(9, 1)","(13, 0)","(13, 0)","(13, 0)"
88,"(10, 1)","(7, 1)","(18, 0)","(18, 0)","(18, 0)"
89,"(6, 1)","(3, 1)","(18, 0)","(18, 0)","(18, 0)"
90,"(9, 1)","(6, 1)","(3, 1)","(18, 0)","(18, 0)"
91,"(6, 1)","(3, 1)","(18, 0)","(18, 0)","(18, 0)"
92,"(14, 1)","(13, 0)","(13, 0)","(13, 0)","(13, 0)"
93,"(7, 1)","(18, 0)","(18, 0)","(18, 0)","(18, 0)"
94,"(0, 1)","(5, 0)","(5, 0)","(5, 0)","(5, 0)"
95,"(11, 1)","(19, 1)","(18, 0)","(18, 0)","(18, 0)"
96,"(16, 1)","(11, 1)","(19, 1)","(18, 0)","(18, 0)"
97,"(8, 1)","(9, 0)","(9, 0)","(9, 0)","(9, 0)"
98,"(8, 1)","(13, 0)","(13, 0)","(13, 0)","(13, 0)"
99,"(17, 1)","(12, 0)","(12, 0)","(12, 0)","(12, 0)"
100,"(12, 1)","(7, 1)","(18, 0)","(18, 0)","(18, 0)"
101,"(15, 0)","(15, 0)","(15, 0)","(15, 0)","(15, 0)"
102,"(1, 1)","(4, 0)","(4, 0)","(4, 0)","(4, 0)"
103,"(0, 1)","(1, 1)","(2, 1)","(3, 1)","(18, 0)"
104,"(2, 1)","(3, 1)","(18, 0)","(18, 0)","(18, 0)"
105,"(3, 1)","(18, 0)","(18, 0)","(18, 0)","(18, 0)"
106,"(4, 1)","(1, 1)","(2, 0)","(2, 0)","(2, 0)"
107,"(7, 1)","(18, 0)","(18, 0)","(18, 0)","(18, 0)"
108,"(12, 1)","(7, 1)","(18, 0)","(18, 0)","(18, 0)"
109,"(13, 1)","(14, 0)","(14, 0)","(14, 0)","(14, 0)"
110,"(17, 1)","(12, 1)","(19, 1)","(18, 0)","(18, 0)"
111,"(13, 1)","(9, 1)","(6, 0)","(6, 0)","(6, 0)"
112,"(8, 1)","(4, 0)","(4, 0)","(4, 0)","(4, 0)"
113,"(6, 1)","(3, 1)","(18, 0)","(18, 0)","(18, 0)"
114,"(3, 1)","(18, 0)","(18, 0)","(18, 0)","(18, 0)"
115,"(3, 1)","(18, 0)","(18, 0)","(18, 0)","(18, 0)"
116,"(16, 1)","(17, 0)","(17, 0)","(17, 0)","(17, 0)"
117,"(15, 1)","(11, 1)","(19, 1)","(18, 0)","(18, 0)"
118,"(2, 1)","(3, 1)","(18, 0)","(18, 0)","(18, 0)"
119,"(10, 0)","(10, 0)","(10, 0)","(10, 0)","(10, 0)"
120,"(10, 1)","(7, 1)","(18, 0)","(18, 0)","(18, 0)"
121,"(5, 1)","(2, 1)","(3, 1)","(18, 0)","(18, 0)"
122,"(15, 0)","(15, 0)","(15, 0)","(15, 0)","(15, 0)"
123,"(17, 1)","(11, 1)","(19, 1)","(18, 0)","(18, 0)"
124,"(13, 1)","(14, 1)","(10, 1)","(7, 1)","(18, 0)"
125,"(2, 1)","(3, 1)","(18, 0)","(18, 0)","(18, 0)"
126,"(1, 1)","(2, 1)","(3, 1)","(18, 0)","(18, 0)"
127,"(8, 1)","(13, 0)","(13, 0)","(13, 0)","(13, 0)"
128,"(11, 1)","(19, 1)","(18, 0)","(18, 0)","(18, 0)"
129,"(10, 0)","(10, 0)","(10, 0)","(10, 0)","(10, 0)"
130,"(10, 1)","(7, 1)","(18, 0)","(18, 0)","(18, 0)"
131,"(4, 1)","(5, 0)","(5, 0)","(5, 0)","(5, 0)"
132,"(13, 1)","(9, 1)","(4, 0)","(4, 0)","(4, 0)"
133,"(6, 1)","(3, 1)","(18, 0)","(18, 0)","(18, 0)"
134,"(4, 1)","(9, 0)","(9, 0)","(9, 0)","(9, 0)"
135,"(11, 1)","(7, 1)","(18, 0)","(18, 0)","(18, 0)"
136,"(11, 1)","(19, 1)","(18, 0)","(18, 0)","(18, 0)"
137,"(16, 1)","(10, 0)","(10, 0)","(10, 0)","(10, 0)"
138,"(7, 1)","(18, 0)","(18, 0)","(18, 0)","(18, 0)"
139,"(15, 1)","(11, 1)","(19, 1)","(18, 0)","(18, 0)"
140,"(10, 1)","(7, 1)","(18, 0)","(18, 0)","(18, 0)"
141,"(4, 1)","(1, 0)","(1, 0)","(1, 0)","(1, 0)"
142,"(4, 1)","(1, 0)","(1, 0)","(1, 0)","(1, 0)"
143,"(10, 1)","(7, 1)","(18, 0)","(18, 0)","(18, 0)"
144,"(15, 1)","(16, 0)","(16, 0)","(16, 0)","(16, 0)"
145,"(16, 1)","(12, 1)","(7, 1)","(18, 0)","(18, 0)"
146,"(4, 1)","(0, 0)","(0, 0)","(0, 0)","(0, 0)"
147,"(8, 1)","(13, 0)","(13, 0)","(13, 0)","(13, 0)"
148,"(2, 1)","(3, 1)","(18, 0)","(18, 0)","(18, 0)"
149,"(0, 1)","(4, 1)","(9, 0)","(9, 0)","(9, 0)"
150,"(13, 1)","(14, 0)","(14, 0)","(14, 0)","(14, 0)"
151,"(5, 1)","(1, 0)","(1, 0)","(1, 0)","(1, 0)"
152,"(17, 1)","(16, 0)","(16, 0)","(16, 0)","(16, 0)"
153,"(5, 1)","(6, 0)","(6, 0)","(6, 0)","(6, 0)"
154,"(10, 1)","(7, 1)","(18, 0)","(18, 0)","(18, 0)"
155,"(2, 1)","(3, 1)","(18, 0)","(18, 0)","(18, 0)"
156,"(7, 1)","(18, 0)","(18, 0)","(18, 0)","(18, 0)"
157,"(12, 1)","(19, 1)","(18, 0)","(18, 0)","(18, 0)"
158,"(8, 1)","(5, 0)","(5, 0)","(5, 0)","(5, 0)"
159,"(8, 1)","(9, 0)","(9, 0)","(9, 0)","(9, 0)"
160,"(10, 1)","(7, 1)","(18, 0)","(18, 0)","(18, 0)"
161,"(2, 1)","(3, 1)","(18, 0)","(18, 0)","(18, 0)"
162,"(5, 0)","(5, 0)","(5, 0)","(5, 0)","(5, 0)"
163,"(1, 0)","(1, 0)","(1, 0)","(1, 0)","(1, 0)"
164,"(15, 1)","(11, 1)","(19, 1)","(18, 0)","(18, 0)"
165,"(1, 1)","(6, 1)","(3, 1)","(18, 0)","(18, 0)"
166,"(2, 1)","(3, 1)","(18, 0)","(18, 0)","(18, 0)"
167,"(10, 1)","(7, 1)","(18, 0)","(18, 0)","(18, 0)"
168,"(9, 1)","(10, 0)","(10, 0)","(10, 0)","(10, 0)"
169,"(11, 1)","(19, 1)","(18, 0)","(18, 0)","(18, 0)"
170,"(16, 1)","(11, 0)","(11, 0)","(11, 0)","(11, 0)"
171,"(10, 1)","(7, 1)","(18, 0)","(18, 0)","(18, 0)"
172,"(5, 0)","(5, 0)","(5, 0)","(5, 0)","(5, 0)"
173,"(5, 1)","(9, 0)","(9, 0)","(9, 0)","(9, 0)"
174,"(5, 0)","(5, 0)","(5, 0)","(5, 0)","(5, 0)"
175,"(15, 1)","(11, 1)","(19, 1)","(18, 0)","(18, 0)"
176,"(8, 0)","(8, 0)","(8, 0)","(8, 0)","(8, 0)"
177,"(0, 1)","(4, 0)","(4, 0)","(4, 0)","(4, 0)"
178,"(13, 1)","(14, 0)","(14, 0)","(14, 0)","(14, 0)"
179,"(4, 1)","(1, 0)","(1, 0)","(1, 0)","(1, 0)"
180,"(8, 1)","(13, 0)","(13, 0)","(13, 0)","(13, 0)"
181,"(6, 1)","(3, 1)","(18, 0)","(18, 0)","(18, 0)"
182,"(2, 1)","(3, 1)","(18, 0)","(18, 0)","(18, 0)"
183,"(17, 0)","(17, 0)","(17, 0)","(17, 0)","(17, 0)"
184,"(11, 0)","(11, 0)","(11, 0)","(11, 0)","(11, 0)"
185,"(12, 1)","(7, 1)","(18, 0)","(18, 0)","(18, 0)"
186,"(2, 1)","(3, 1)","(18, 0)","(18, 0)","(18, 0)"
187,"(1, 1)","(0, 0)","(0, 0)","(0, 0)","(0, 0)"
188,"(16, 1)","(12, 1)","(19, 1)","(18, 0)","(18, 0)"
189,"(0, 0)","(0, 0)","(0, 0)","(0, 0)","(0, 0)"
190,"(12, 1)","(19, 1)","(18, 0)","(18, 0)","(18, 0)"
191,"(15, 1)","(11, 1)","(19, 1)","(18, 0)","(18, 0)"
192,"(13, 1)","(9, 1)","(6, 1)","(3, 1)","(18, 0)"
193,"(9, 1)","(10, 0)","(10, 0)","(10, 0)","(10, 0)"
194,"(8, 0)","(8, 0)","(8, 0)","(8, 0)","(8, 0)"
195,"(15, 1)","(11, 1)","(19, 1)","(18, 0)","(18, 0)"
196,"(11, 0)","(11, 0)","(11, 0)","(11, 0)","(11, 0)"
197,"(5, 1)","(2, 1)","(3, 1)","(18, 0)","(18, 0)"
198,"(14, 1)","(10, 1)","(7, 1)","(18, 0)","(18, 0)"
199,"(0, 1)","(4, 0)","(4, 0)","(4, 0)","(4, 0)"
200,"(6, 1)","(3, 1)","(18, 0)","(18, 0)","(18, 0)"
201,"(8, 1)","(13, 0)","(13, 0)","(13, 0)","(13, 0)"
202,"(8, 1)","(5, 0)","(5, 0)","(5, 0)","(5, 0)"
203,"(13, 1)","(14, 0)","(14, 0)","(14, 0)","(14, 0)"
204,"(7, 1)","(18, 0)","(18, 0)","(18, 0)","(18, 0)"
205,"(5, 1)","(2, 1)","(3, 1)","(18, 0)","(18, 0)"
206,"(12, 1)","(19, 1)","(18, 0)","(18, 0)","(18, 0)"
207,"(7, 1)","(18, 0)","(18, 0)","(18, 0)","(18, 0)"
208,"(15, 1)","(16, 0)","(16, 0)","(16, 0)","(16, 0)"
209,"(14, 1)","(8, 0)","(8, 0)","(8, 0)","(8, 0)"
210,"(15, 1)","(14, 0)","(14, 0)","(14, 0)","(14, 0)"
211,"(16, 1)","(11, 1)","(19, 1)","(18, 0)","(18, 0)"
212,"(12, 1)","(19, 1)","(18, 0)","(18, 0)","(18, 0)"
213,"(3, 1)","(18, 0)","(18, 0)","(18, 0)","(18, 0)"
214,"(6, 1)","(3, 1)","(18, 0)","(18, 0)","(18, 0)"
215,"(5, 1)","(2, 1)","(3, 1)","(18, 0)","(18, 0)"
216,"(17, 1)","(12, 1)","(19, 1)","(18, 0)","(18, 0)"
217,"(0, 1)","(1, 1)","(2, 1)","(3, 1)","(18, 0)"
218,"(15, 1)","(14, 0)","(14, 0)","(14, 0)","(14, 0)"
219,"(17, 1)","(12, 0)","(12, 0)","(12, 0)","(12, 0)"
220,"(0, 1)","(5, 1)","(8, 0)","(8, 0)","(8, 0)"
221,"(15, 1)","(10, 0)","(10, 0)","(10, 0)","(10, 0)"
222,"(12, 1)","(19, 1)","(18, 0)","(18, 0)","(18, 0)"
223,"(8, 1)","(4, 1)","(0, 0)","(0, 0)","(0, 0)"
224,"(9, 1)","(8, 0)","(8, 0)","(8, 0)","(8, 0)"
225,"(9, 1)","(5, 0)","(5, 0)","(5, 0)","(5, 0)"
226,"(2, 1)","(3, 1)","(18, 0)","(18, 0)","(18, 0)"
227,"(0, 0)","(0, 0)","(0, 0)","(0, 0)","(0, 0)"
228,"(10, 1)","(7, 1)","(18, 0)","(18, 0)","(18, 0)"
229,"(2, 0)","(2, 0)","(2, 0)","(2, 0)","(2, 0)"
230,"(6, 1)","(3, 1)","(18, 0)","(18, 0)","(18, 0)"
231,"(14, 1)","(13, 0)","(13, 0)","(13, 0)","(13, 0)"
232,"(3, 1)","(18, 0)","(18, 0)","(18, 0)","(18, 0)"
233,"(15, 1)","(14, 0)","(14, 0)","(14, 0)","(14, 0)"
234,"(8, 1)","(4, 0)","(4, 0)","(4, 0)","(4, 0)"
235,"(6, 1)","(3, 1)","(18, 0)","(18, 0)","(18, 0)"
236,"(6, 1)","(3, 1)","(18, 0)","(18, 0)","(18, 0)"
237,"(8, 1)","(9, 0)","(9, 0)","(9, 0)","(9, 0)"
238,"(9, 0)","(9, 0)","(9, 0)","(9, 0)","(9, 0)"
239,"(16, 1)","(12, 1)","(19, 1)","(18, 0)","(18, 0)"
240,"(7, 1)","(18, 0)","(18, 0)","(18, 0)","(18, 0)"
241,"(4, 0)","(4, 0)","(4, 0)","(4, 0)","(4, 0)"
242,"(2, 1)","(3, 1)","(18, 0)","(18, 0)","(18, 0)"
243,"(10, 1)","(7, 1)","(18, 0)","(18, 0)","(18, 0)"
244,"(3, 1)","(18, 0)","(18, 0)","(18, 0)","(18, 0)"
245,"(10, 1)","(7, 1)","(18, 0)","(18, 0)","(18, 0)"
246,"(2, 1)","(3, 1)","(18, 0)","(18, 0)","(18, 0)"
247,"(4, 1)","(1, 1)","(2, 1)","(3, 1)","(18, 0)"
248,"(1, 1)","(2, 1)","(3, 1)","(18, 0)","(18, 0)"
249,"(7, 1)","(18, 0)","(18, 0)","(18, 0)","(18, 0)"
250,"(3, 1)","(18, 0)","(18, 0)","(18, 0)","(18, 0)"
251,"(2, 1)","(3, 1)","(18, 0)","(18, 0)","(18, 0)"
252,"(8, 1)","(13, 0)","(13, 0)","(13, 0)","(13, 0)"
253,"(12, 1)","(19, 1)","(18, 0)","(18, 0)","(18, 0)"
254,"(4, 1)","(5, 0)","(5, 0)","(5, 0)","(5, 0)"
255,"(15, 1)","(10, 0)","(10, 0)","(10, 0)","(10, 0)"
256,"(9, 0)","(9, 0)","(9, 0)","(9, 0)","(9, 0)"
257,"(3, 1)","(18, 0)","(18, 0)","(18, 0)","(18, 0)"
258,"(0, 0)","(0, 0)","(0, 0)","(0, 0)","(0, 0)"
259,"(10, 1)","(7, 1)","(18, 0)","(18, 0)","(18, 0)"
260,"(17, 1)","(11, 0)","(11, 0)","(11, 0)","(11, 0)"
261,"(10, 1)","(7, 1)","(18, 0)","(18, 0)","(18, 0)"
262,"(5, 1)","(2, 1)","(3, 1)","(18, 0)","(18, 0)"
263,"(16, 1)","(12, 1)","(7, 1)","(18, 0)","(18, 0)"
264,"(3, 1)","(18, 0)","(18, 0)","(18, 0)","(18, 0)"
265,"(4, 1)","(9, 0)","(9, 0)","(9, 0)","(9, 0)"
266,"(11, 1)","(7, 1)","(18, 0)","(18, 0)","(18, 0)"
267,"(14, 1)","(13, 0)","(13, 0)","(13, 0)","(13, 0)"
268,"(8, 1)","(14, 0)","(14, 0)","(14, 0)","(14, 0)"
269,"(9, 1)","(6, 1)","(3, 1)","(18, 0)","(18, 0)"
270,"(6, 1)","(3, 1)","(18, 0)","(18, 0)","(18, 0)"
271,"(6, 1)","(3, 1)","(18, 0)","(18, 0)","(18, 0)"
272,"(2, 1)","(3, 1)","(18, 0)","(18, 0)","(18, 0)"
273,"(14, 0)","(14, 0)","(14, 0)","(14, 0)","(14, 0)"
274,"(6, 1)","(3, 1)","(18, 0)","(18, 0)","(18, 0)"
275,"(1, 1)","(2, 1)","(3, 1)","(18, 0)","(18, 0)"
276,"(13, 1)","(9, 0)","(9, 0)","(9, 0)","(9, 0)"
277,"(15, 1)","(9, 0)","(9, 0)","(9, 0)","(9, 0)"
278,"(12, 1)","(19, 1)","(18, 0)","(18, 0)","(18, 0)"
279,"(5, 1)","(2, 1)","(3, 1)","(18, 0)","(18, 0)"
280,"(5, 1)","(2, 1)","(3, 1)","(18, 0)","(18, 0)"
281,"(11, 1)","(7, 1)","(18, 0)","(18, 0)","(18, 0)"
282,"(9, 0)","(9, 0)","(9, 0)","(9, 0)","(9, 0)"
283,"(14, 1)","(13, 0)","(13, 0)","(13, 0)","(13, 0)"
284,"(6, 1)","(3, 1)","(18, 0)","(18, 0)","(18, 0)"
285,"(11, 1)","(7, 1)","(18, 0)","(18, 0)","(18, 0)"
286,"(6, 1)","(3, 1)","(18, 0)","(18, 0)","(18, 0)"
287,"(4, 1)","(5, 0)","(5, 0)","(5, 0)","(5, 0)"
288,"(5, 1)","(2, 1)","(3, 1)","(18, 0)","(18, 0)"
289,"(13, 1)","(14, 1)","(10, 0)","(10, 0)","(10, 0)"
290,"(9, 1)","(6, 1)","(3, 1)","(18, 0)","(18, 0)"
291,"(16, 1)","(11, 1)","(19, 1)","(18, 0)","(18, 0)"
292,"(6, 1)","(3, 1)","(18, 0)","(18, 0)","(18, 0)"
293,"(15, 1)","(11, 1)","(19, 1)","(18, 0)","(18, 0)"
294,"(9, 1)","(10, 0)","(10, 0)","(10, 0)","(10, 0)"
295,"(3, 1)","(18, 0)","(18, 0)","(18, 0)","(18, 0)"
296,"(4, 1)","(5, 0)","(5, 0)","(5, 0)","(5, 0)"
297,"(7, 1)","(18, 0)","(18, 0)","(18, 0)","(18, 0)"
298,"(12, 1)","(19, 1)","(18, 0)","(18, 0)","(18, 0)"
299,"(7, 1)","(18, 0)","(18, 0)","(18, 0)","(18, 0)"
300,"(10, 0)","(10, 0)","(10, 0)","(10, 0)","(10, 0)"
301,"(13, 1)","(14, 1)","(10, 0)","(10, 0)","(10, 0)"
302,"(12, 1)","(19, 1)","(18, 0)","(18, 0)","(18, 0)"
303,"(12, 1)","(19, 1)","(18, 0)","(18, 0)","(18, 0)"
304,"(11, 0)","(11, 0)","(11, 0)","(11, 0)","(11, 0)"
305,"(6, 1)","(3, 1)","(18, 0)","(18, 0)","(18, 0)"
306,"(13, 0)","(13, 0)","(13, 0)","(13, 0)","(13, 0)"
307,"(4, 1)","(9, 1)","(10, 0)","(10, 0)","(10, 0)"
308,"(13, 1)","(14, 0)","(14, 0)","(14, 0)","(14, 0)"
309,"(3, 1)","(18, 0)","(18, 0)","(18, 0)","(18, 0)"
310,"(14, 1)","(10, 0)","(10, 0)","(10, 0)","(10, 0)"
311,"(14, 1)","(13, 0)","(13, 0)","(13, 0)","(13, 0)"
312,"(16, 0)","(16, 0)","(16, 0)","(16, 0)","(16, 0)"
313,"(8, 0)","(8, 0)","(8, 0)","(8, 0)","(8, 0)"
314,"(2, 1)","(3, 1)","(18, 0)","(18, 0)","(18, 0)"
315,"(17, 1)","(16, 0)","(16, 0)","(16, 0)","(16, 0)"
316,"(8, 0)","(8, 0)","(8, 0)","(8, 0)","(8, 0)"
317,"(5, 1)","(9, 0)","(9, 0)","(9, 0)","(9, 0)"
318,"(8, 1)","(5, 0)","(5, 0)","(5, 0)","(5, 0)"
319,"(5, 1)","(2, 1)","(3, 1)","(18, 0)","(18, 0)"
320,"(9, 1)","(13, 0)","(13, 0)","(13, 0)","(13, 0)"
321,"(13, 1)","(9, 0)","(9, 0)","(9, 0)","(9, 0)"
322,"(12, 1)","(19, 1)","(18, 0)","(18, 0)","(18, 0)"
323,"(3, 1)","(18, 0)","(18, 0)","(18, 0)","(18, 0)"
324,"(2, 1)","(3, 1)","(18, 0)","(18, 0)","(18, 0)"
325,"(11, 0)","(11, 0)","(11, 0)","(11, 0)","(11, 0)"
326,"(5, 0)","(5, 0)","(5, 0)","(5, 0)","(5, 0)"
327,"(16, 1)","(12, 1)","(19, 1)","(18, 0)","(18, 0)"
328,"(15, 1)","(11, 1)","(19, 1)","(18, 0)","(18, 0)"
329,"(10, 1)","(7, 1)","(18, 0)","(18, 0)","(18, 0)"
330,"(12, 1)","(19, 1)","(18, 0)","(18, 0)","(18, 0)"
331,"(16, 1)","(15, 0)","(15, 0)","(15, 0)","(15, 0)"
332,"(3, 1)","(18, 0)","(18, 0)","(18, 0)","(18, 0)"
333,"(0, 0)","(0, 0)","(0, 0)","(0, 0)","(0, 0)"
334,"(17, 1)","(11, 0)","(11, 0)","(11, 0)","(11, 0)"
335,"(5, 0)","(5, 0)","(5, 0)","(5, 0)","(5, 0)"
336,"(17, 1)","(12, 1)","(19, 1)","(18, 0)","(18, 0)"
337,"(12, 1)","(17, 0)","(17, 0)","(17, 0)","(17, 0)"
338,"(4, 0)","(4, 0)","(4, 0)","(4, 0)","(4, 0)"
339,"(17, 1)","(12, 1)","(7, 1)","(18, 0)","(18, 0)"
340,"(16, 1)","(12, 1)","(19, 1)","(18, 0)","(18, 0)"
341,"(17, 1)","(12, 1)","(19, 1)","(18, 0)","(18, 0)"
342,"(16, 0)","(16, 0)","(16, 0)","(16, 0)","(16, 0)"
343,"(12, 1)","(19, 1)","(18, 0)","(18, 0)","(18, 0)"
344,"(9, 1)","(15, 0)","(15, 0)","(15, 0)","(15, 0)"
345,"(0, 1)","(5, 0)","(5, 0)","(5, 0)","(5, 0)"
346,"(9, 1)","(8, 0)","(8, 0)","(8, 0)","(8, 0)"
347,"(17, 1)","(11, 1)","(7, 1)","(18, 0)","(18, 0)"
348,"(6, 1)","(3, 1)","(18, 0)","(18, 0)","(18, 0)"
349,"(15, 1)","(10, 0)","(10, 0)","(10, 0)","(10, 0)"
350,"(9, 1)","(15, 0)","(15, 0)","(15, 0)","(15, 0)"
351,"(1, 1)","(2, 1)","(3, 1)","(18, 0)","(18, 0)"
352,"(15, 1)","(11, 1)","(19, 1)","(18, 0)","(18, 0)"
353,"(2, 1)","(3, 1)","(18, 0)","(18, 0)","(18, 0)"
354,"(2, 1)","(3, 1)","(18, 0)","(18, 0)","(18, 0)"
355,"(11, 1)","(19, 1)","(18, 0)","(18, 0)","(18, 0)"
356,"(2, 1)","(3, 1)","(18, 0)","(18, 0)","(18, 0)"
357,"(5, 1)","(2, 1)","(3, 1)","(18, 0)","(18, 0)"
358,"(3, 1)","(18, 0)","(18, 0)","(18, 0)","(18, 0)"
359,"(6, 1)","(3, 1)","(18, 0)","(18, 0)","(18, 0)"
360,"(2, 1)","(3, 1)","(18, 0)","(18, 0)","(18, 0)"
361,"(5, 1)","(2, 1)","(3, 1)","(18, 0)","(18, 0)"
362,"(9, 1)","(8, 0)","(8, 0)","(8, 0)","(8, 0)"
363,"(5, 1)","(2, 1)","(3, 1)","(18, 0)","(18, 0)"
364,"(9, 1)","(4, 0)","(4, 0)","(4, 0)","(4, 0)"
365,"(16, 1)","(15, 0)","(15, 0)","(15, 0)","(15, 0)"
366,"(14, 1)","(15, 0)","(15, 0)","(15, 0)","(15, 0)"
367,"(1, 1)","(4, 0)","(4, 0)","(4, 0)","(4, 0)"
368,"(6, 1)","(3, 1)","(18, 0)","(18, 0)","(18, 0)"
369,"(8, 0)","(8, 0)","(8, 0)","(8, 0)","(8, 0)"
370,"(4, 1)","(8, 0)","(8, 0)","(8, 0)","(8, 0)"
371,"(14, 1)","(15, 0)","(15, 0)","(15, 0)","(15, 0)"
372,"(7, 1)","(18, 0)","(18, 0)","(18, 0)","(18, 0)"
373,"(14, 1)","(10, 1)","(7, 1)","(18, 0)","(18, 0)"
374,"(12, 1)","(19, 1)","(18, 0)","(18, 0)","(18, 0)"
375,"(8, 1)","(4, 0)","(4, 0)","(4, 0)","(4, 0)"
376,"(6, 1)","(3, 1)","(18, 0)","(18, 0)","(18, 0)"
377,"(4, 1)","(1, 1)","(2, 1)","(3, 1)","(18, 0)"
378,"(11, 1)","(16, 0)","(16, 0)","(16, 0)","(16, 0)"
379,"(12, 1)","(19, 1)","(18, 0)","(18, 0)","(18, 0)"
380,"(17, 1)","(11, 0)","(11, 0)","(11, 0)","(11, 0)"
381,"(1, 0)","(1, 0)","(1, 0)","(1, 0)","(1, 0)"
382,"(1, 1)","(2, 0)","(2, 0)","(2, 0)","(2, 0)"
383,"(7, 1)","(18, 0)","(18, 0)","(18, 0)","(18, 0)"
384,"(8, 0)","(8, 0)","(8, 0)","(8, 0)","(8, 0)"
385,"(7, 1)","(18, 0)","(18, 0)","(18, 0)","(18, 0)"
386,"(14, 1)","(8, 0)","(8, 0)","(8, 0)","(8, 0)"
387,"(7, 1)","(18, 0)","(18, 0)","(18, 0)","(18, 0)"
388,"(16, 1)","(12, 1)","(19, 1)","(18, 0)","(18, 0)"
389,"(8, 1)","(5, 1)","(2, 1)","(3, 1)","(18, 0)"
390,"(0, 1)","(4, 0)","(4, 0)","(4, 0)","(4, 0)"
391,"(6, 1)","(3, 1)","(18, 0)","(18, 0)","(18, 0)"
392,"(12, 1)","(19, 1)","(18, 0)","(18, 0)","(18, 0)"
393,"(11, 0)","(11, 0)","(11, 0)","(11, 0)","(11, 0)"
394,"(3, 1)","(18, 0)","(18, 0)","(18, 0)","(18, 0)"
395,"(17, 1)","(11, 0)","(11, 0)","(11, 0)","(11, 0)"
396,"(4, 1)","(1, 1)","(6, 0)","(6, 0)","(6, 0)"
397,"(0, 0)","(0, 0)","(0, 0)","(0, 0)","(0, 0)"
398,"(16, 1)","(10, 0)","(10, 0)","(10, 0)","(10, 0)"
399,"(10, 0)","(10, 0)","(10, 0)","(10, 0)","(10, 0)"
400,"(6, 1)","(3, 1)","(18, 0)","(18, 0)","(18, 0)"
401,"(9, 1)","(10, 0)","(10, 0)","(10, 0)","(10, 0)"
402,"(11, 1)","(19, 1)","(18, 0)","(18, 0)","(18, 0)"
403,"(13, 1)","(9, 1)","(6, 1)","(3, 1)","(18, 0)"
404,"(5, 1)","(4, 0)","(4, 0)","(4, 0)","(4, 0)"
405,"(0, 1)","(1, 1)","(2, 1)","(3, 1)","(18, 0)"
406,"(8, 1)","(9, 0)","(9, 0)","(9, 0)","(9, 0)"
407,"(7, 1)","(18, 0)","(18, 0)","(18, 0)","(18, 0)"
408,"(5, 1)","(2, 0)","(2, 0)","(2, 0)","(2, 0)"
409,"(4, 1)","(8, 0)","(8, 0)","(8, 0)","(8, 0)"
410,"(3, 1)","(18, 0)","(18, 0)","(18, 0)","(18, 0)"
411,"(17, 1)","(12, 1)","(19, 1)","(18, 0)","(18, 0)"
412,"(16, 1)","(11, 0)","(11, 0)","(11, 0)","(11, 0)"
413,"(0, 1)","(1, 1)","(6, 1)","(3, 1)","(18, 0)"
414,"(15, 1)","(9, 0)","(9, 0)","(9, 0)","(9, 0)"
415,"(2, 1)","(3, 1)","(18, 0)","(18, 0)","(18, 0)"
416,"(2, 1)","(3, 1)","(18, 0)","(18, 0)","(18, 0)"
417,"(3, 1)","(18, 0)","(18, 0)","(18, 0)","(18, 0)"
418,"(13, 1)","(9, 0)","(9, 0)","(9, 0)","(9, 0)"
419,"(8, 1)","(14, 0)","(14, 0)","(14, 0)","(14, 0)"
420,"(5, 1)","(0, 0)","(0, 0)","(0, 0)","(0, 0)"
421,"(3, 1)","(18, 0)","(18, 0)","(18, 0)","(18, 0)"
422,"(0, 1)","(1, 1)","(6, 0)","(6, 0)","(6, 0)"
423,"(13, 1)","(8, 1)","(5, 0)","(5, 0)","(5, 0)"
424,"(16, 1)","(12, 1)","(7, 1)","(18, 0)","(18, 0)"
425,"(0, 1)","(5, 0)","(5, 0)","(5, 0)","(5, 0)"
426,"(11, 1)","(19, 1)","(18, 0)","(18, 0)","(18, 0)"
427,"(7, 1)","(18, 0)","(18, 0)","(18, 0)","(18, 0)"
428,"(12, 1)","(7, 1)","(18, 0)","(18, 0)","(18, 0)"
429,"(14, 0)","(14, 0)","(14, 0)","(14, 0)","(14, 0)"
430,"(9, 0)","(9, 0)","(9, 0)","(9, 0)","(9, 0)"
431,"(5, 0)","(5, 0)","(5, 0)","(5, 0)","(5, 0)"
432,"(6, 1)","(3, 1)","(18, 0)","(18, 0)","(18, 0)"
433,"(1, 1)","(6, 1)","(3, 1)","(18, 0)","(18, 0)"
434,"(7, 1)","(18, 0)","(18, 0)","(18, 0)","(18, 0)"
435,"(11, 1)","(19, 1)","(18, 0)","(18, 0)","(18, 0)"
436,"(9, 0)","(9, 0)","(9, 0)","(9, 0)","(9, 0)"
437,"(11, 1)","(7, 1)","(18, 0)","(18, 0)","(18, 0)"
438,"(3, 1)","(18, 0)","(18, 0)","(18, 0)","(18, 0)"
439,"(4, 1)","(0, 0)","(0, 0)","(0, 0)","(0, 0)"
440,"(10, 1)","(7, 1)","(18, 0)","(18, 0)","(18, 0)"
441,"(8, 1)","(5, 0)","(5, 0)","(5, 0)","(5, 0)"
442,"(14, 1)","(15, 0)","(15, 0)","(15, 0)","(15, 0)"
443,"(2, 1)","(3, 1)","(18, 0)","(18, 0)","(18, 0)"
444,"(10, 1)","(7, 1)","(18, 0)","(18, 0)","(18, 0)"
445,"(14, 1)","(10, 1)","(7, 1)","(18, 0)","(18, 0)"
446,"(4, 1)","(0, 0)","(0, 0)","(0, 0)","(0, 0)"
447,"(2, 1)","(3, 1)","(18, 0)","(18, 0)","(18, 0)"
448,"(7, 1)","(18, 0)","(18, 0)","(18, 0)","(18, 0)"
449,"(6, 1)","(3, 1)","(18, 0)","(18, 0)","(18, 0)"
450,"(10, 1)","(7, 1)","(18, 0)","(18, 0)","(18, 0)"
451,"(8, 1)","(9, 0)","(9, 0)","(9, 0)","(9, 0)"
452,"(7, 1)","(18, 0)","(18, 0)","(18, 0)","(18, 0)"
453,"(3, 1)","(18, 0)","(18, 0)","(18, 0)","(18, 0)"
454,"(13, 1)","(14, 0)","(14, 0)","(14, 0)","(14, 0)"
455,"(17, 1)","(12, 1)","(7, 1)","(18, 0)","(18, 0)"
456,"(7, 1)","(18, 0)","(18, 0)","(18, 0)","(18, 0)"
457,"(3, 1)","(18, 0)","(18, 0)","(18, 0)","(18, 0)"
458,"(6, 1)","(3, 1)","(18, 0)","(18, 0)","(18, 0)"
459,"(12, 1)","(19, 1)","(18, 0)","(18, 0)","(18, 0)"
460,"(8, 1)","(14, 0)","(14, 0)","(14, 0)","(14, 0)"
461,"(2, 1)","(3, 1)","(18, 0)","(18, 0)","(18, 0)"
462,"(6, 1)","(3, 1)","(18, 0)","(18, 0)","(18, 0)"
463,"(15, 1)","(11, 1)","(19, 1)","(18, 0)","(18, 0)"
464,"(9, 1)","(6, 1)","(3, 1)","(18, 0)","(18, 0)"
465,"(7, 1)","(18, 0)","(18, 0)","(18, 0)","(18, 0)"
466,"(9, 0)","(9, 0)","(9, 0)","(9, 0)","(9, 0)"
467,"(2, 1)","(3, 1)","(18, 0)","(18, 0)","(18, 0)"
468,"(14, 1)","(8, 0)","(8, 0)","(8, 0)","(8, 0)"
469,"(1, 0)","(1, 0)","(1, 0)","(1, 0)","(1, 0)"
470,"(1, 0)","(1, 0)","(1, 0)","(1, 0)","(1, 0)"
471,"(15, 1)","(11, 1)","(19, 1)","(18, 0)","(18, 0)"
472,"(1, 1)","(2, 1)","(3, 1)","(18, 0)","(18, 0)"
473,"(11, 1)","(19, 1)","(18, 0)","(18, 0)","(18, 0)"
474,"(6, 1)","(3, 1)","(18, 0)","(18, 0)","(18, 0)"
475,"(2, 1)","(3, 1)","(18, 0)","(18, 0)","(18, 0)"
476,"(13, 1)","(8, 0)","(8, 0)","(8, 0)","(8, 0)"
477,"(0, 1)","(5, 0)","(5, 0)","(5, 0)","(5, 0)"
478,"(16, 1)","(12, 1)","(19, 1)","(18, 0)","(18, 0)"
479,"(5, 1)","(2, 1)","(3, 1)","(18, 0)","(18, 0)"
480,"(16, 1)","(10, 0)","(10, 0)","(10, 0)","(10, 0)"
481,"(9, 1)","(14, 0)","(14, 0)","(14, 0)","(14, 0)"
482,"(5, 1)","(2, 1)","(3, 1)","(18, 0)","(18, 0)"
483,"(12, 1)","(19, 1)","(18, 0)","(18, 0)","(18, 0)"
484,"(3, 1)","(18, 0)","(18, 0)","(18, 0)","(18, 0)"
485,"(7, 1)","(18, 0)","(18, 0)","(18, 0)","(18, 0)"
486,"(3, 1)","(18, 0)","(18, 0)","(18, 0)","(18, 0)"
487,"(7, 1)","(18, 0)","(18, 0)","(18, 0)","(18, 0)"
488,"(2, 1)","(3, 1)","(18, 0)","(18, 0)","(18, 0)"
489,"(15, 0)","(15, 0)","(15, 0)","(15, 0)","(15, 0)"
490,"(7, 1)","(18, 0)","(18, 0)","(18, 0)","(18, 0)"
491,"(11, 0)","(11, 0)","(11, 0)","(11, 0)","(11, 0)"
492,"(6, 1)","(3, 1)","(18, 0)","(18, 0)","(18, 0)"
493,"(16, 1)","(12, 1)","(19, 1)","(18, 0)","(18, 0)"
494,"(1, 1)","(2, 1)","(3, 1)","(18, 0)","(18, 0)"
495,"(4, 1)","(8, 0)","(8, 0)","(8, 0)","(8, 0)"
496,"(16, 1)","(12, 1)","(19, 1)","(18, 0)","(18, 0)"
497,"(8, 1)","(9, 1)","(6, 1)","(3, 1)","(18, 0)"
498,"(10, 1)","(7, 1)","(18, 0)","(18, 0)","(18, 0)"
499,"(10, 1)","(7, 1)","(18, 0)","(18, 0)","(18, 0)"
500,"(3, 1)","(18, 0)","(18, 0)","(18, 0)","(18, 0)"
501,"(7, 1)","(18, 0)","(18, 0)","(18, 0)","(18, 0)"
502,"(6, 1)","(3, 1)","(18, 0)","(18, 0)","(18, 0)"
503,"(9, 1)","(8, 0)","(8, 0)","(8, 0)","(8, 0)"
504,"(16, 1)","(17, 0)","(17, 0)","(17, 0)","(17, 0)"
505,"(16, 1)","(12, 1)","(19, 1)","(18, 0)","(18, 0)"
506,"(8, 1)","(4, 1)","(1, 0)","(1, 0)","(1, 0)"
507,"(14, 1)","(9, 0)","(9, 0)","(9, 0)","(9, 0)"
508,"(11, 1)","(19, 1)","(18, 0)","(18, 0)","(18, 0)"
509,"(14, 1)","(10, 1)","(7, 1)","(18, 0)","(18, 0)"
510,"(14, 1)","(10, 1)","(7, 1)","(18, 0)","(18, 0)"
511,"(7, 1)","(18, 0)","(18, 0)","(18, 0)","(18, 0)"
512,"(4, 1)","(0, 0)","(0, 0)","(0, 0)","(0, 0)"
513,"(1, 1)","(2, 1)","(3, 1)","(18, 0)","(18, 0)"
514,"(16, 1)","(12, 1)","(19, 1)","(18, 0)","(18, 0)"
515,"(10, 0)","(10, 0)","(10, 0)","(10, 0)","(10, 0)"
516,"(6, 1)","(3, 1)","(18, 0)","(18, 0)","(18, 0)"
517,"(16, 1)","(12, 1)","(19, 1)","(18, 0)","(18, 0)"
518,"(9, 1)","(6, 0)","(6, 0)","(6, 0)","(6, 0)"
519,"(12, 1)","(19, 1)","(18, 0)","(18, 0)","(18, 0)"
520,"(5, 1)","(1, 0)","(1, 0)","(1, 0)","(1, 0)"
521,"(10, 1)","(7, 1)","(18, 0)","(18, 0)","(18, 0)"
522,"(8, 1)","(5, 1)","(2, 1)","(3, 1)","(18, 0)"
523,"(15, 1)","(11, 1)","(19, 1)","(18, 0)","(18, 0)"
524,"(7, 1)","(18, 0)","(18, 0)","(18, 0)","(18, 0)"
525,"(11, 1)","(19, 1)","(18, 0)","(18, 0)","(18, 0)"
526,"(12, 1)","(19, 1)","(18, 0)","(18, 0)","(18, 0)"
527,"(7, 1)","(18, 0)","(18, 0)","(18, 0)","(18, 0)"
528,"(10, 1)","(7, 1)","(18, 0)","(18, 0)","(18, 0)"
529,"(2, 1)","(3, 1)","(18, 0)","(18, 0)","(18, 0)"
530,"(0, 1)","(1, 0)","(1, 0)","(1, 0)","(1, 0)"
531,"(8, 1)","(5, 0)","(5, 0)","(5, 0)","(5, 0)"
532,"(4, 1)","(9, 1)","(10, 0)","(10, 0)","(10, 0)"
533,"(8, 1)","(14, 0)","(14, 0)","(14, 0)","(14, 0)"
534,"(8, 0)","(8, 0)","(8, 0)","(8, 0)","(8, 0)"
535,"(10, 1)","(7, 1)","(18, 0)","(18, 0)","(18, 0)"
536,"(15, 0)","(15, 0)","(15, 0)","(15, 0)","(15, 0)"
537,"(11, 1)","(7, 1)","(18, 0)","(18, 0)","(18, 0)"
538,"(17, 1)","(12, 1)","(19, 1)","(18, 0)","(18, 0)"
539,"(4, 1)","(1, 0)","(1, 0)","(1, 0)","(1, 0)"
540,"(3, 1)","(18, 0)","(18, 0)","(18, 0)","(18, 0)"
541,"(12, 1)","(7, 1)","(18, 0)","(18, 0)","(18, 0)"
542,"(1, 1)","(4, 0)","(4, 0)","(4, 0)","(4, 0)"
543,"(0, 1)","(5, 0)","(5, 0)","(5, 0)","(5, 0)"
544,"(7, 1)","(18, 0)","(18, 0)","(18, 0)","(18, 0)"
545,"(9, 1)","(6, 1)","(3, 1)","(18, 0)","(18, 0)"
546,"(17, 1)","(12, 1)","(19, 1)","(18, 0)","(18, 0)"
547,"(9, 1)","(6, 1)","(3, 1)","(18, 0)","(18, 0)"
548,"(5, 1)","(2, 1)","(3, 1)","(18, 0)","(18, 0)"
549,"(5, 1)","(0, 0)","(0, 0)","(0, 0)","(0, 0)"
550,"(12, 1)","(19, 1)","(18, 0)","(18, 0)","(18, 0)"
551,"(1, 1)","(2, 1)","(3, 1)","(18, 0)","(18, 0)"
552,"(11, 1)","(19, 1)","(18, 0)","(18, 0)","(18, 0)"
553,"(3, 1)","(18, 0)","(18, 0)","(18, 0)","(18, 0)"
554,"(2, 1)","(3, 1)","(18, 0)","(18, 0)","(18, 0)"
555,"(17, 1)","(12, 1)","(19, 1)","(18, 0)","(18, 0)"
556,"(15, 1)","(11, 1)","(19, 1)","(18, 0)","(18, 0)"
557,"(12, 1)","(19, 1)","(18, 0)","(18, 0)","(18, 0)"
558,"(0, 1)","(1, 1)","(2, 1)","(3, 1)","(18, 0)"
559,"(4, 1)","(5, 1)","(10, 0)","(10, 0)","(10, 0)"
560,"(12, 1)","(19, 1)","(18, 0)","(18, 0)","(18, 0)"
561,"(6, 1)","(3, 1)","(18, 0)","(18, 0)","(18, 0)"
562,"(1, 1)","(6, 1)","(3, 1)","(18, 0)","(18, 0)"
563,"(16, 1)","(12, 0)","(12, 0)","(12, 0)","(12, 0)"
564,"(2, 1)","(3, 1)","(18, 0)","(18, 0)","(18, 0)"
565,"(17, 1)","(11, 1)","(7, 1)","(18, 0)","(18, 0)"
566,"(12, 1)","(7, 1)","(18, 0)","(18, 0)","(18, 0)"
567,"(15, 1)","(9, 0)","(9, 0)","(9, 0)","(9, 0)"
568,"(16, 0)","(16, 0)","(16, 0)","(16, 0)","(16, 0)"
569,"(16, 1)","(12, 1)","(19, 1)","(18, 0)","(18, 0)"
570,"(5, 1)","(2, 0)","(2, 0)","(2, 0)","(2, 0)"
571,"(2, 1)","(3, 1)","(18, 0)","(18, 0)","(18, 0)"
572,"(3, 1)","(18, 0)","(18, 0)","(18, 0)","(18, 0)"
573,"(5, 1)","(0, 0)","(0, 0)","(0, 0)","(0, 0)"
574,"(6, 1)","(3, 1)","(18, 0)","(18, 0)","(18, 0)"
575,"(6, 1)","(3, 1)","(18, 0)","(18, 0)","(18, 0)"
576,"(1, 1)","(2, 0)","(2, 0)","(2, 0)","(2, 0)"
577,"(17, 0)","(17, 0)","(17, 0)","(17, 0)","(17, 0)"
578,"(5, 1)","(2, 1)","(3, 1)","(18, 0)","(18, 0)"
579,"(7, 1)","(18, 0)","(18, 0)","(18, 0)","(18, 0)"
580,"(11, 1)","(19, 1)","(18, 0)","(18, 0)","(18, 0)"
581,"(4, 0)","(4, 0)","(4, 0)","(4, 0)","(4, 0)"
582,"(9, 1)","(8, 0)","(8, 0)","(8, 0)","(8, 0)"
583,"(10, 0)","(10, 0)","(10, 0)","(10, 0)","(10, 0)"
584,"(12, 1)","(19, 1)","(18, 0)","(18, 0)","(18, 0)"
585,"(15, 1)","(11, 1)","(7, 1)","(18, 0)","(18, 0)"
586,"(7, 1)","(18, 0)","(18, 0)","(18, 0)","(18, 0)"
587,"(10, 0)","(10, 0)","(10, 0)","(10, 0)","(10, 0)"
588,"(6, 1)","(3, 1)","(18, 0)","(18, 0)","(18, 0)"
589,"(12, 1)","(19, 1)","(18, 0)","(18, 0)","(18, 0)"
590,"(15, 0)","(15, 0)","(15, 0)","(15, 0)","(15, 0)"
591,"(4, 1)","(1, 1)","(2, 1)","(3, 1)","(18, 0)"
592,"(10, 1)","(7, 1)","(18, 0)","(18, 0)","(18, 0)"
593,"(12, 1)","(19, 1)","(18, 0)","(18, 0)","(18, 0)"
594,"(12, 1)","(19, 1)","(18, 0)","(18, 0)","(18, 0)"
595,"(7, 1)","(18, 0)","(18, 0)","(18, 0)","(18, 0)"
596,"(14, 1)","(10, 1)","(7, 1)","(18, 0)","(18, 0)"
597,"(9, 1)","(10, 0)","(10, 0)","(10, 0)","(10, 0)"
598,"(12, 1)","(7, 1)","(18, 0)","(18, 0)","(18, 0)"
599,"(16, 1)","(12, 1)","(7, 1)","(18, 0)","(18, 0)"
600,"(1, 1)","(6, 1)","(3, 1)","(18, 0)","(18, 0)"
601,"(6, 1)","(3, 1)","(18, 0)","(18, 0)","(18, 0)"
602,"(9, 0)","(9, 0)","(9, 0)","(9, 0)","(9, 0)"
603,"(1, 1)","(2, 0)","(2, 0)","(2, 0)","(2, 0)"
604,"(7, 1)","(18, 0)","(18, 0)","(18, 0)","(18, 0)"
605,"(7, 1)","(18, 0)","(18, 0)","(18, 0)","(18, 0)"
606,"(8, 0)","(8, 0)","(8, 0)","(8, 0)","(8, 0)"
607,"(5, 1)","(10, 0)","(10, 0)","(10, 0)","(10, 0)"
608,"(16, 0)","(16, 0)","(16, 0)","(16, 0)","(16, 0)"
609,"(8, 1)","(5, 1)","(2, 0)","(2, 0)","(2, 0)"
610,"(9, 1)","(4, 0)","(4, 0)","(4, 0)","(4, 0)"
611,"(12, 1)","(19, 1)","(18, 0)","(18, 0)","(18, 0)"
612,"(10, 1)","(7, 1)","(18, 0)","(18, 0)","(18, 0)"
613,"(8, 1)","(5, 0)","(5, 0)","(5, 0)","(5, 0)"
614,"(13, 1)","(9, 0)","(9, 0)","(9, 0)","(9, 0)"
615,"(2, 1)","(3, 1)","(18, 0)","(18, 0)","(18, 0)"
616,"(10, 1)","(7, 1)","(18, 0)","(18, 0)","(18, 0)"
617,"(2, 1)","(3, 1)","(18, 0)","(18, 0)","(18, 0)"
618,"(6, 1)","(3, 1)","(18, 0)","(18, 0)","(18, 0)"
619,"(14, 0)","(14, 0)","(14, 0)","(14, 0)","(14, 0)"
620,"(10, 1)","(7, 1)","(18, 0)","(18, 0)","(18, 0)"
621,"(16, 1)","(12, 1)","(19, 1)","(18, 0)","(18, 0)"
622,"(5, 0)","(5, 0)","(5, 0)","(5, 0)","(5, 0)"
623,"(15, 1)","(11, 1)","(19, 1)","(18, 0)","(18, 0)"
624,"(4, 0)","(4, 0)","(4, 0)","(4, 0)","(4, 0)"
625,"(13, 1)","(8, 1)","(5, 0)","(5, 0)","(5, 0)"
626,"(8, 1)","(5, 1)","(6, 0)","(6, 0)","(6, 0)"
627,"(15, 1)","(11, 0)","(11, 0)","(11, 0)","(11, 0)"
628,"(1, 1)","(6, 0)","(6, 0)","(6, 0)","(6, 0)"
629,"(0, 1)","(5, 1)","(9, 1)","(15, 0)","(15, 0)"
630,"(14, 1)","(10, 1)","(7, 1)","(18, 0)","(18, 0)"
631,"(17, 1)","(12, 1)","(19, 1)","(18, 0)","(18, 0)"
632,"(17, 1)","(12, 1)","(7, 1)","(18, 0)","(18, 0)"
633,"(0, 1)","(1, 1)","(2, 0)","(2, 0)","(2, 0)"
634,"(12, 1)","(7, 1)","(18, 0)","(18, 0)","(18, 0)"
635,"(13, 1)","(9, 0)","(9, 0)","(9, 0)","(9, 0)"
636,"(14, 1)","(10, 1)","(7, 1)","(18, 0)","(18, 0)"
637,"(14, 1)","(8, 0)","(8, 0)","(8, 0)","(8, 0)"
638,"(16, 1)","(17, 0)","(17, 0)","(17, 0)","(17, 0)"
639,"(9, 0)","(9, 0)","(9, 0)","(9, 0)","(9, 0)"
640,"(6, 1)","(3, 1)","(18, 0)","(18, 0)","(18, 0)"
641,"(16, 1)","(12, 1)","(19, 1)","(18, 0)","(18, 0)"
642,"(0, 1)","(1, 0)","(1, 0)","(1, 0)","(1, 0)"
643,"(9, 1)","(13, 0)","(13, 0)","(13, 0)","(13, 0)"
644,"(4, 1)","(9, 1)","(6, 0)","(6, 0)","(6, 0)"
645,"(17, 1)","(12, 1)","(7, 1)","(18, 0)","(18, 0)"
646,"(11, 1)","(19, 1)","(18, 0)","(18, 0)","(18, 0)"
647,"(1, 1)","(2, 1)","(3, 1)","(18, 0)","(18, 0)"
648,"(6, 1)","(3, 1)","(18, 0)","(18, 0)","(18, 0)"
649,"(11, 1)","(7, 1)","(18, 0)","(18, 0)","(18, 0)"
650,"(3, 1)","(18, 0)","(18, 0)","(18, 0)","(18, 0)"
651,"(12, 1)","(19, 1)","(18, 0)","(18, 0)","(18, 0)"
652,"(1, 1)","(6, 1)","(3, 1)","(18, 0)","(18, 0)"
653,"(1, 1)","(2, 1)","(3, 1)","(18, 0)","(18, 0)"
654,"(7, 1)","(18, 0)","(18, 0)","(18, 0)","(18, 0)"
655,"(9, 1)","(4, 0)","(4, 0)","(4, 0)","(4, 0)"
656,"(14, 1)","(13, 0)","(13, 0)","(13, 0)","(13, 0)"
657,"(14, 1)","(10, 1)","(7, 1)","(18, 0)","(18, 0)"
658,"(3, 1)","(18, 0)","(18, 0)","(18, 0)","(18, 0)"
659,"(17, 1)","(11, 1)","(7, 1)","(18, 0)","(18, 0)"
660,"(1, 1)","(2, 0)","(2, 0)","(2, 0)","(2, 0)"
661,"(10, 0)","(10, 0)","(10, 0)","(10, 0)","(10, 0)"
662,"(2, 1)","(3, 1)","(18, 0)","(18, 0)","(18, 0)"
663,"(6, 0)","(6, 0)","(6, 0)","(6, 0)","(6, 0)"
664,"(14, 1)","(8, 0)","(8, 0)","(8, 0)","(8, 0)"
665,"(9, 0)","(9, 0)","(9, 0)","(9, 0)","(9, 0)"
666,"(14, 1)","(9, 0)","(9, 0)","(9, 0)","(9, 0)"
667,"(1, 1)","(0, 0)","(0, 0)","(0, 0)","(0, 0)"
668,"(3, 1)","(18, 0)","(18, 0)","(18, 0)","(18, 0)"
669,"(11, 1)","(19, 1)","(18, 0)","(18, 0)","(18, 0)"
670,"(6, 0)","(6, 0)","(6, 0)","(6, 0)","(6, 0)"
671,"(5, 1)","(6, 1)","(3, 1)","(18, 0)","(18, 0)"
672,"(11, 1)","(7, 1)","(18, 0)","(18, 0)","(18, 0)"
673,"(8, 1)","(13, 0)","(13, 0)","(13, 0)","(13, 0)"
674,"(8, 1)","(5, 1)","(10, 0)","(10, 0)","(10, 0)"
675,"(3, 1)","(18, 0)","(18, 0)","(18, 0)","(18, 0)"
676,"(15, 1)","(11, 1)","(19, 1)","(18, 0)","(18, 0)"
677,"(14, 1)","(8, 0)","(8, 0)","(8, 0)","(8, 0)"
678,"(16, 0)","(16, 0)","(16, 0)","(16, 0)","(16, 0)"
679,"(16, 1)","(12, 1)","(19, 1)","(18, 0)","(18, 0)"
680,"(6, 1)","(3, 1)","(18, 0)","(18, 0)","(18, 0)"
681,"(9, 0)","(9, 0)","(9, 0)","(9, 0)","(9, 0)"
682,"(4, 1)","(5, 0)","(5, 0)","(5, 0)","(5, 0)"
683,"(13, 1)","(9, 1)","(6, 1)","(3, 1)","(18, 0)"
684,"(10, 1)","(7, 1)","(18, 0)","(18, 0)","(18, 0)"
685,"(14, 1)","(9, 0)","(9, 0)","(9, 0)","(9, 0)"
686,"(5, 1)","(10, 0)","(10, 0)","(10, 0)","(10, 0)"
687,"(1, 1)","(2, 1)","(3, 1)","(18, 0)","(18, 0)"
688,"(13, 1)","(8, 0)","(8, 0)","(8, 0)","(8, 0)"
689,"(7, 1)","(18, 0)","(18, 0)","(18, 0)","(18, 0)"
690,"(12, 1)","(19, 1)","(18, 0)","(18, 0)","(18, 0)"
691,"(4, 1)","(1, 0)","(1, 0)","(1, 0)","(1, 0)"
692,"(4, 0)","(4, 0)","(4, 0)","(4, 0)","(4, 0)"
693,"(2, 1)","(3, 1)","(18, 0)","(18, 0)","(18, 0)"
694,"(2, 1)","(3, 1)","(18, 0)","(18, 0)","(18, 0)"
695,"(2, 1)","(3, 1)","(18, 0)","(18, 0)","(18, 0)"
696,"(9, 1)","(10, 0)","(10, 0)","(10, 0)","(10, 0)"
697,"(0, 0)","(0, 0)","(0, 0)","(0, 0)","(0, 0)"
698,"(14, 0)","(14, 0)","(14, 0)","(14, 0)","(14, 0)"
699,"(16, 1)","(12, 1)","(19, 1)","(18, 0)","(18, 0)"
700,"(17, 1)","(16, 0)","(16, 0)","(16, 0)","(16, 0)"
701,"(17, 1)","(12, 1)","(7, 1)","(18, 0)","(18, 0)"
702,"(7, 1)","(18, 0)","(18, 0)","(18, 0)","(18, 0)"
703,"(17, 1)","(12, 1)","(19, 1)","(18, 0)","(18, 0)"
704,"(15, 0)","(15, 0)","(15, 0)","(15, 0)","(15, 0)"
705,"(5, 1)","(2, 1)","(3, 1)","(18, 0)","(18, 0)"
706,"(11, 1)","(19, 1)","(18, 0)","(18, 0)","(18, 0)"
707,"(6, 1)","(3, 1)","(18, 0)","(18, 0)","(18, 0)"
708,"(13, 0)","(13, 0)","(13, 0)","(13, 0)","(13, 0)"
709,"(4, 1)","(9, 0)","(9, 0)","(9, 0)","(9, 0)"
710,"(11, 1)","(19, 1)","(18, 0)","(18, 0)","(18, 0)"
711,"(3, 1)","(18, 0)","(18, 0)","(18, 0)","(18, 0)"
712,"(9, 1)","(6, 0)","(6, 0)","(6, 0)","(6, 0)"
713,"(14, 0)","(14, 0)","(14, 0)","(14, 0)","(14, 0)"
714,"(10, 0)","(10, 0)","(10, 0)","(10, 0)","(10, 0)"
715,"(16, 1)","(12, 1)","(7, 1)","(18, 0)","(18, 0)"
716,"(7, 1)","(18, 0)","(18, 0)","(18, 0)","(18, 0)"
717,"(7, 1)","(18, 0)","(18, 0)","(18, 0)","(18, 0)"
718,"(5, 1)","(10, 0)","(10, 0)","(10, 0)","(10, 0)"
719,"(12, 1)","(19, 1)","(18, 0)","(18, 0)","(18, 0)"
720,"(7, 1)","(18, 0)","(18, 0)","(18, 0)","(18, 0)"
721,"(8, 1)","(4, 1)","(0, 0)","(0, 0)","(0, 0)"
722,"(12, 1)","(19, 1)","(18, 0)","(18, 0)","(18, 0)"
723,"(17, 1)","(11, 1)","(19, 1)","(18, 0)","(18, 0)"
724,"(6, 1)","(3, 1)","(18, 0)","(18, 0)","(18, 0)"
725,"(17, 1)","(11, 0)","(11, 0)","(11, 0)","(11, 0)"
726,"(16, 1)","(12, 1)","(19, 1)","(18, 0)","(18, 0)"
727,"(1, 1)","(4, 0)","(4, 0)","(4, 0)","(4, 0)"
728,"(3, 1)","(18, 0)","(18, 0)","(18, 0)","(18, 0)"
729,"(9, 1)","(5, 0)","(5, 0)","(5, 0)","(5, 0)"
730,"(6, 1)","(3, 1)","(18, 0)","(18, 0)","(18, 0)"
731,"(10, 1)","(7, 1)","(18, 0)","(18, 0)","(18, 0)"
732,"(13, 0)","(13, 0)","(13, 0)","(13, 0)","(13, 0)"
733,"(15, 1)","(11, 1)","(19, 1)","(18, 0)","(18, 0)"
734,"(11, 1)","(19, 1)","(18, 0)","(18, 0)","(18, 0)"
735,"(3, 1)","(18, 0)","(18, 0)","(18, 0)","(18, 0)"
736,"(17, 1)","(12, 1)","(19, 1)","(18, 0)","(18, 0)"
737,"(11, 1)","(19, 1)","(18, 0)","(18, 0)","(18, 0)"
738,"(1, 1)","(2, 1)","(3, 1)","(18, 0)","(18, 0)"
739,"(0, 1)","(4, 0)","(4, 0)","(4, 0)","(4, 0)"
740,"(5, 1)","(0, 0)","(0, 0)","(0, 0)","(0, 0)"
741,"(3, 1)","(18, 0)","(18, 0)","(18, 0)","(18, 0)"
742,"(7, 1)","(18, 0)","(18, 0)","(18, 0)","(18, 0)"
743,"(6, 1)","(3, 1)","(18, 0)","(18, 0)","(18, 0)"
744,"(2, 1)","(3, 1)","(18, 0)","(18, 0)","(18, 0)"
745,"(8, 1)","(4, 0)","(4, 0)","(4, 0)","(4, 0)"
746,"(13, 1)","(14, 1)","(10, 1)","(7, 1)","(18, 0)"
747,"(1, 1)","(2, 1)","(3, 1)","(18, 0)","(18, 0)"
748,"(5, 1)","(2, 1)","(3, 1)","(18, 0)","(18, 0)"
749,"(13, 1)","(9, 1)","(6, 1)","(3, 1)","(18, 0)"
750,"(13, 1)","(9, 0)","(9, 0)","(9, 0)","(9, 0)"
751,"(16, 1)","(12, 0)","(12, 0)","(12, 0)","(12, 0)"
752,"(14, 1)","(10, 0)","(10, 0)","(10, 0)","(10, 0)"
753,"(11, 1)","(19, 1)","(18, 0)","(18, 0)","(18, 0)"
754,"(7, 1)","(18, 0)","(18, 0)","(18, 0)","(18, 0)"
755,"(1, 1)","(2, 1)","(3, 1)","(18, 0)","(18, 0)"
756,"(2, 1)","(3, 1)","(18, 0)","(18, 0)","(18, 0)"
757,"(8, 0)","(8, 0)","(8, 0)","(8, 0)","(8, 0)"
758,"(11, 1)","(19, 1)","(18, 0)","(18, 0)","(18, 0)"
759,"(9, 1)","(13, 0)","(13, 0)","(13, 0)","(13, 0)"
760,"(7, 1)","(18, 0)","(18, 0)","(18, 0)","(18, 0)"
761,"(1, 1)","(2, 1)","(3, 1)","(18, 0)","(18, 0)"
762,"(7, 1)","(18, 0)","(18, 0)","(18, 0)","(18, 0)"
763,"(12, 1)","(19, 1)","(18, 0)","(18, 0)","(18, 0)"
764,"(2, 1)","(3, 1)","(18, 0)","(18, 0)","(18, 0)"
765,"(6, 1)","(3, 1)","(18, 0)","(18, 0)","(18, 0)"
766,"(15, 1)","(11, 1)","(19, 1)","(18, 0)","(18, 0)"
767,"(1, 0)","(1, 0)","(1, 0)","(1, 0)","(1, 0)"
768,"(8, 1)","(5, 1)","(6, 0)","(6, 0)","(6, 0)"
769,"(8, 1)","(13, 0)","(13, 0)","(13, 0)","(13, 0)"
770,"(3, 1)","(18, 0)","(18, 0)","(18, 0)","(18, 0)"
771,"(13, 0)","(13, 0)","(13, 0)","(13, 0)","(13, 0)"
772,"(0, 1)","(1, 1)","(2, 1)","(3, 1)","(18, 0)"
773,"(16, 1)","(12, 1)","(19, 1)","(18, 0)","(18, 0)"
774,"(0, 0)","(0, 0)","(0, 0)","(0, 0)","(0, 0)"
775,"(10, 1)","(7, 1)","(18, 0)","(18, 0)","(18, 0)"
776,"(6, 1)","(3, 1)","(18, 0)","(18, 0)","(18, 0)"
777,"(2, 1)","(3, 1)","(18, 0)","(18, 0)","(18, 0)"
778,"(11, 1)","(19, 1)","(18, 0)","(18, 0)","(18, 0)"
779,"(4, 0)","(4, 0)","(4, 0)","(4, 0)","(4, 0)"
780,"(2, 1)","(3, 1)","(18, 0)","(18, 0)","(18, 0)"
781,"(13, 1)","(9, 0)","(9, 0)","(9, 0)","(9, 0)"
782,"(4, 1)","(1, 0)","(1, 0)","(1, 0)","(1, 0)"
783,"(3, 1)","(18, 0)","(18, 0)","(18, 0)","(18, 0)"
784,"(13, 1)","(14, 1)","(15, 0)","(15, 0)","(15, 0)"
785,"(2, 1)","(3, 1)","(18, 0)","(18, 0)","(18, 0)"
786,"(8, 1)","(5, 0)","(5, 0)","(5, 0)","(5, 0)"
787,"(3, 1)","(18, 0)","(18, 0)","(18, 0)","(18, 0)"
788,"(17, 1)","(11, 1)","(19, 1)","(18, 0)","(18, 0)"
789,"(9, 1)","(5, 0)","(5, 0)","(5, 0)","(5, 0)"
790,"(11, 1)","(19, 1)","(18, 0)","(18, 0)","(18, 0)"
791,"(9, 1)","(15, 0)","(15, 0)","(15, 0)","(15, 0)"
792,"(15, 1)","(16, 0)","(16, 0)","(16, 0)","(16, 0)"
793,"(8, 1)","(5, 1)","(1, 0)","(1, 0)","(1, 0)"
794,"(12, 1)","(19, 1)","(18, 0)","(18, 0)","(18, 0)"
795,"(14, 1)","(8, 0)","(8, 0)","(8, 0)","(8, 0)"
796,"(13, 0)","(13, 0)","(13, 0)","(13, 0)","(13, 0)"
797,"(4, 1)","(0, 0)","(0, 0)","(0, 0)","(0, 0)"
798,"(9, 0)","(9, 0)","(9, 0)","(9, 0)","(9, 0)"
799,"(10, 1)","(7, 1)","(18, 0)","(18, 0)","(18, 0)"
800,"(11, 1)","(7, 1)","(18, 0)","(18, 0)","(18, 0)"
801,"(0, 1)","(1, 1)","(2, 1)","(3, 1)","(18, 0)"
802,"(7, 1)","(18, 0)","(18, 0)","(18, 0)","(18, 0)"
803,"(14, 1)","(13, 0)","(13, 0)","(13, 0)","(13, 0)"
804,"(12, 1)","(19, 1)","(18, 0)","(18, 0)","(18, 0)"
805,"(2, 1)","(3, 1)","(18, 0)","(18, 0)","(18, 0)"
806,"(15, 0)","(15, 0)","(15, 0)","(15, 0)","(15, 0)"
807,"(14, 1)","(8, 0)","(8, 0)","(8, 0)","(8, 0)"
808,"(9, 1)","(10, 0)","(10, 0)","(10, 0)","(10, 0)"
809,"(3, 1)","(18, 0)","(18, 0)","(18, 0)","(18, 0)"
810,"(5, 1)","(2, 1)","(3, 1)","(18, 0)","(18, 0)"
811,"(15, 1)","(16, 0)","(16, 0)","(16, 0)","(16, 0)"
812,"(5, 1)","(2, 1)","(3, 1)","(18, 0)","(18, 0)"
813,"(10, 0)","(10, 0)","(10, 0)","(10, 0)","(10, 0)"
814,"(2, 1)","(3, 1)","(18, 0)","(18, 0)","(18, 0)"
815,"(4, 1)","(8, 0)","(8, 0)","(8, 0)","(8, 0)"
816,"(13, 1)","(9, 1)","(6, 1)","(3, 1)","(18, 0)"
817,"(15, 1)","(11, 1)","(19, 1)","(18, 0)","(18, 0)"
818,"(0, 1)","(5, 0)","(5, 0)","(5, 0)","(5, 0)"
819,"(7, 1)","(18, 0)","(18, 0)","(18, 0)","(18, 0)"
820,"(3, 1)","(18, 0)","(18, 0)","(18, 0)","(18, 0)"
821,"(3, 1)","(18, 0)","(18, 0)","(18, 0)","(18, 0)"
822,"(16, 0)","(16, 0)","(16, 0)","(16, 0)","(16, 0)"
823,"(7, 1)","(18, 0)","(18, 0)","(18, 0)","(18, 0)"
824,"(6, 1)","(3, 1)","(18, 0)","(18, 0)","(18, 0)"
825,"(12, 1)","(19, 1)","(18, 0)","(18, 0)","(18, 0)"
826,"(12, 1)","(19, 1)","(18, 0)","(18, 0)","(18, 0)"
827,"(6, 1)","(3, 1)","(18, 0)","(18, 0)","(18, 0)"
828,"(8, 1)","(9, 0)","(9, 0)","(9, 0)","(9, 0)"
829,"(8, 1)","(4, 0)","(4, 0)","(4, 0)","(4, 0)"
830,"(15, 0)","(15, 0)","(15, 0)","(15, 0)","(15, 0)"
831,"(11, 1)","(19, 1)","(18, 0)","(18, 0)","(18, 0)"
832,"(11, 0)","(11, 0)","(11, 0)","(11, 0)","(11, 0)"
833,"(8, 1)","(9, 0)","(9, 0)","(9, 0)","(9, 0)"
834,"(8, 0)","(8, 0)","(8, 0)","(8, 0)","(8, 0)"
835,"(10, 1)","(11, 0)","(11, 0)","(11, 0)","(11, 0)"
836,"(16, 1)","(12, 1)","(19, 1)","(18, 0)","(18, 0)"
837,"(0, 1)","(1, 0)","(1, 0)","(1, 0)","(1, 0)"
838,"(16, 1)","(12, 1)","(19, 1)","(18, 0)","(18, 0)"
839,"(15, 1)","(11, 1)","(7, 1)","(18, 0)","(18, 0)"
840,"(10, 1)","(7, 1)","(18, 0)","(18, 0)","(18, 0)"
841,"(1, 1)","(2, 1)","(3, 1)","(18, 0)","(18, 0)"
842,"(0, 1)","(1, 1)","(2, 1)","(3, 1)","(18, 0)"
843,"(4, 1)","(5, 0)","(5, 0)","(5, 0)","(5, 0)"
844,"(14, 0)","(14, 0)","(14, 0)","(14, 0)","(14, 0)"
845,"(3, 1)","(18, 0)","(18, 0)","(18, 0)","(18, 0)"
846,"(14, 1)","(9, 0)","(9, 0)","(9, 0)","(9, 0)"
847,"(15, 1)","(11, 1)","(19, 1)","(18, 0)","(18, 0)"
848,"(2, 0)","(2, 0)","(2, 0)","(2, 0)","(2, 0)"
849,"(8, 1)","(9, 0)","(9, 0)","(9, 0)","(9, 0)"
850,"(16, 1)","(12, 1)","(19, 1)","(18, 0)","(18, 0)"
851,"(1, 1)","(2, 1)","(3, 1)","(18, 0)","(18, 0)"
852,"(1, 1)","(6, 0)","(6, 0)","(6, 0)","(6, 0)"
853,"(4, 0)","(4, 0)","(4, 0)","(4, 0)","(4, 0)"
854,"(10, 1)","(7, 1)","(18, 0)","(18, 0)","(18, 0)"
855,"(17, 0)","(17, 0)","(17, 0)","(17, 0)","(17, 0)"
856,"(11, 1)","(19, 1)","(18, 0)","(18, 0)","(18, 0)"
857,"(9, 1)","(5, 0)","(5, 0)","(5, 0)","(5, 0)"
858,"(12, 1)","(19, 1)","(18, 0)","(18, 0)","(18, 0)"
859,"(14, 1)","(10, 0)","(10, 0)","(10, 0)","(10, 0)"
860,"(1, 1)","(2, 1)","(3, 1)","(18, 0)","(18, 0)"
861,"(0, 1)","(1, 0)","(1, 0)","(1, 0)","(1, 0)"
862,"(2, 1)","(3, 1)","(18, 0)","(18, 0)","(18, 0)"
863,"(1, 1)","(2, 1)","(3, 1)","(18, 0)","(18, 0)"
864,"(2, 1)","(3, 1)","(18, 0)","(18, 0)","(18, 0)"
865,"(4, 1)","(1, 1)","(2, 1)","(3, 1)","(18, 0)"
866,"(17, 0)","(17, 0)","(17, 0)","(17, 0)","(17, 0)"
867,"(2, 1)","(3, 1)","(18, 0)","(18, 0)","(18, 0)"
868,"(6, 1)","(3, 1)","(18, 0)","(18, 0)","(18, 0)"
869,"(17, 1)","(16, 0)","(16, 0)","(16, 0)","(16, 0)"
870,"(12, 1)","(19, 1)","(18, 0)","(18, 0)","(18, 0)"
871,"(4, 0)","(4, 0)","(4, 0)","(4, 0)","(4, 0)"
872,"(2, 1)","(3, 1)","(18, 0)","(18, 0)","(18, 0)"
873,"(13, 1)","(8, 0)","(8, 0)","(8, 0)","(8, 0)"
874,"(8, 0)","(8, 0)","(8, 0)","(8, 0)","(8, 0)"
875,"(11, 1)","(19, 1)","(18, 0)","(18, 0)","(18, 0)"
876,"(3, 1)","(18, 0)","(18, 0)","(18, 0)","(18, 0)"
877,"(5, 1)","(10, 0)","(10, 0)","(10, 0)","(10, 0)"
878,"(6, 1)","(3, 1)","(18, 0)","(18, 0)","(18, 0)"
879,"(14, 0)","(14, 0)","(14, 0)","(14, 0)","(14, 0)"
880,"(9, 0)","(9, 0)","(9, 0)","(9, 0)","(9, 0)"
881,"(2, 1)","(3, 1)","(18, 0)","(18, 0)","(18, 0)"
882,"(4, 1)","(8, 0)","(8, 0)","(8, 0)","(8, 0)"
883,"(6, 1)","(3, 1)","(18, 0)","(18, 0)","(18, 0)"
884,"(12, 1)","(19, 1)","(18, 0)","(18, 0)","(18, 0)"
885,"(3, 1)","(18, 0)","(18, 0)","(18, 0)","(18, 0)"
886,"(12, 1)","(19, 1)","(18, 0)","(18, 0)","(18, 0)"
887,"(4, 0)","(4, 0)","(4, 0)","(4, 0)","(4, 0)"
888,"(17, 1)","(12, 1)","(7, 1)","(18, 0)","(18, 0)"
889,"(10, 1)","(7, 1)","(18, 0)","(18, 0)","(18, 0)"
890,"(13, 0)","(13, 0)","(13, 0)","(13, 0)","(13, 0)"
891,"(1, 1)","(2, 1)","(3, 1)","(18, 0)","(18, 0)"
892,"(16, 1)","(10, 0)","(10, 0)","(10, 0)","(10, 0)"
893,"(12, 1)","(19, 1)","(18, 0)","(18, 0)","(18, 0)"
894,"(10, 1)","(7, 1)","(18, 0)","(18, 0)","(18, 0)"
895,"(13, 0)","(13, 0)","(13, 0)","(13, 0)","(13, 0)"
896,"(16, 1)","(15, 0)","(15, 0)","(15, 0)","(15, 0)"
897,"(12, 1)","(19, 1)","(18, 0)","(18, 0)","(18, 0)"
898,"(6, 1)","(3, 1)","(18, 0)","(18, 0)","(18, 0)"
899,"(13, 1)","(8, 0)","(8, 0)","(8, 0)","(8, 0)"
900,"(14, 1)","(15, 0)","(15, 0)","(15, 0)","(15, 0)"
901,"(14, 1)","(9, 0)","(9, 0)","(9, 0)","(9, 0)"
902,"(10, 1)","(7, 1)","(18, 0)","(18, 0)","(18, 0)"
903,"(16, 1)","(11, 1)","(19, 1)","(18, 0)","(18, 0)"
904,"(11, 1)","(19, 1)","(18, 0)","(18, 0)","(18, 0)"
905,"(1, 1)","(2, 1)","(3, 1)","(18, 0)","(18, 0)"
906,"(6, 1)","(3, 1)","(18, 0)","(18, 0)","(18, 0)"
907,"(7, 1)","(18, 0)","(18, 0)","(18, 0)","(18, 0)"
908,"(11, 1)","(19, 1)","(18, 0)","(18, 0)","(18, 0)"
909,"(2, 1)","(3, 1)","(18, 0)","(18, 0)","(18, 0)"
910,"(17, 1)","(12, 1)","(7, 1)","(18, 0)","(18, 0)"
911,"(6, 1)","(3, 1)","(18, 0)","(18, 0)","(18, 0)"
912,"(10, 1)","(7, 1)","(18, 0)","(18, 0)","(18, 0)"
913,"(7, 1)","(18, 0)","(18, 0)","(18, 0)","(18, 0)"
914,"(1, 1)","(2, 1)","(3, 1)","(18, 0)","(18, 0)"
915,"(15, 0)","(15, 0)","(15, 0)","(15, 0)","(15, 0)"
916,"(10, 0)","(10, 0)","(10, 0)","(10, 0)","(10, 0)"
917,"(14, 1)","(13, 0)","(13, 0)","(13, 0)","(13, 0)"
918,"(5, 1)","(2, 1)","(3, 1)","(18, 0)","(18, 0)"
919,"(11, 1)","(19, 1)","(18, 0)","(18, 0)","(18, 0)"
920,"(5, 1)","(0, 0)","(0, 0)","(0, 0)","(0, 0)"
921,"(14, 1)","(10, 0)","(10, 0)","(10, 0)","(10, 0)"
922,"(0, 1)","(5, 1)","(8, 0)","(8, 0)","(8, 0)"
923,"(11, 1)","(19, 1)","(18, 0)","(18, 0)","(18, 0)"
924,"(11, 1)","(19, 1)","(18, 0)","(18, 0)","(18, 0)"
925,"(4, 1)","(5, 0)","(5, 0)","(5, 0)","(5, 0)"
926,"(11, 1)","(19, 1)","(18, 0)","(18, 0)","(18, 0)"
927,"(9, 1)","(10, 0)","(10, 0)","(10, 0)","(10, 0)"
928,"(0, 1)","(5, 1)","(2, 1)","(3, 1)","(18, 0)"
929,"(7, 1)","(18, 0)","(18, 0)","(18, 0)","(18, 0)"
930,"(1, 1)","(2, 1)","(3, 1)","(18, 0)","(18, 0)"
931,"(3, 1)","(18, 0)","(18, 0)","(18, 0)","(18, 0)"
932,"(0, 0)","(0, 0)","(0, 0)","(0, 0)","(0, 0)"
933,"(3, 1)","(18, 0)","(18, 0)","(18, 0)","(18, 0)"
934,"(17, 1)","(16, 0)","(16, 0)","(16, 0)","(16, 0)"
935,"(6, 1)","(3, 1)","(18, 0)","(18, 0)","(18, 0)"
936,"(10, 1)","(7, 1)","(18, 0)","(18, 0)","(18, 0)"
937,"(12, 1)","(19, 1)","(18, 0)","(18, 0)","(18, 0)"
938,"(3, 1)","(18, 0)","(18, 0)","(18, 0)","(18, 0)"
939,"(3, 1)","(18, 0)","(18, 0)","(18, 0)","(18, 0)"
940,"(16, 1)","(11, 0)","(11, 0)","(11, 0)","(11, 0)"
941,"(17, 1)","(12, 1)","(19, 1)","(18, 0)","(18, 0)"
942,"(2, 1)","(3, 1)","(18, 0)","(18, 0)","(18, 0)"
943,"(1, 1)","(6, 1)","(3, 1)","(18, 0)","(18, 0)"
944,"(14, 0)","(14, 0)","(14, 0)","(14, 0)","(14, 0)"
945,"(2, 0)","(2, 0)","(2, 0)","(2, 0)","(2, 0)"
946,"(15, 1)","(10, 0)","(10, 0)","(10, 0)","(10, 0)"
947,"(9, 0)","(9, 0)","(9, 0)","(9, 0)","(9, 0)"
948,"(6, 1)","(3, 1)","(18, 0)","(18, 0)","(18, 0)"
949,"(8, 1)","(9, 0)","(9, 0)","(9, 0)","(9, 0)"
950,"(4, 1)","(8, 0)","(8, 0)","(8, 0)","(8, 0)"
951,"(6, 1)","(3, 1)","(18, 0)","(18, 0)","(18, 0)"
952,"(14, 1)","(10, 1)","(7, 1)","(18, 0)","(18, 0)"
953,"(13, 1)","(9, 1)","(10, 0)","(10, 0)","(10, 0)"
954,"(0, 1)","(5, 0)","(5, 0)","(5, 0)","(5, 0)"
955,"(8, 1)","(13, 0)","(13, 0)","(13, 0)","(13, 0)"
956,"(13, 0)","(13, 0)","(13, 0)","(13, 0)","(13, 0)"
957,"(2, 1)","(3, 1)","(18, 0)","(18, 0)","(18, 0)"
958,"(9, 1)","(10, 0)","(10, 0)","(10, 0)","(10, 0)"
959,"(8, 0)","(8, 0)","(8, 0)","(8, 0)","(8, 0)"
960,"(7, 1)","(18, 0)","(18, 0)","(18, 0)","(18, 0)"
961,"(7, 1)","(18, 0)","(18, 0)","(18, 0)","(18, 0)"
962,"(5, 0)","(5, 0)","(5, 0)","(5, 0)","(5, 0)"
963,"(5, 1)","(4, 0)","(4, 0)","(4, 0)","(4, 0)"
964,"(13, 0)","(13, 0)","(13, 0)","(13, 0)","(13, 0)"
965,"(17, 1)","(12, 1)","(19, 1)","(18, 0)","(18, 0)"
966,"(11, 1)","(7, 1)","(18, 0)","(18, 0)","(18, 0)"
967,"(2, 1)","(3, 1)","(18, 0)","(18, 0)","(18, 0)"
968,"(16, 1)","(11, 1)","(19, 1)","(18, 0)","(18, 0)"
969,"(13, 1)","(14, 0)","(14, 0)","(14, 0)","(14, 0)"
970,"(11, 1)","(19, 1)","(18, 0)","(18, 0)","(18, 0)"
971,"(8, 1)","(5, 1)","(2, 1)","(3, 1)","(18, 0)"
972,"(11, 1)","(19, 1)","(18, 0)","(18, 0)","(18, 0)"
973,"(6, 1)","(3, 1)","(18, 0)","(18, 0)","(18, 0)"
974,"(12, 1)","(19, 1)","(18, 0)","(18, 0)","(18, 0)"
975,"(6, 1)","(3, 1)","(18, 0)","(18, 0)","(18, 0)"
976,"(8, 1)","(5, 1)","(1, 0)","(1, 0)","(1, 0)"
977,"(12, 1)","(19, 1)","(18, 0)","(18, 0)","(18, 0)"
978,"(12, 1)","(19, 1)","(18, 0)","(18, 0)","(18, 0)"
979,"(16, 0)","(16, 0)","(16, 0)","(16, 0)","(16, 0)"
980,"(17, 1)","(11, 1)","(19, 1)","(18, 0)","(18, 0)"
981,"(11, 1)","(19, 1)","(18, 0)","(18, 0)","(18, 0)"
982,"(9, 1)","(6, 0)","(6, 0)","(6, 0)","(6, 0)"
983,"(15, 1)","(11, 1)","(19, 1)","(18, 0)","(18, 0)"
984,"(14, 0)","(14, 0)","(14, 0)","(14, 0)","(14, 0)"
985,"(17, 1)","(11, 1)","(7, 1)","(18, 0)","(18, 0)"
986,"(8, 1)","(5, 0)","(5, 0)","(5, 0)","(5, 0)"
987,"(6, 0)","(6, 0)","(6, 0)","(6, 0)","(6, 0)"
988,"(15, 1)","(11, 1)","(19, 1)","(18, 0)","(18, 0)"
989,"(15, 0)","(15, 0)","(15, 0)","(15, 0)","(15, 0)"
990,"(17, 1)","(12, 1)","(19, 1)","(18, 0)","(18, 0)"
991,"(8, 1)","(13, 0)","(13, 0)","(13, 0)","(13, 0)"
992,"(9, 1)","(6, 1)","(3, 1)","(18, 0)","(18, 0)"
993,"(11, 1)","(19, 1)","(18, 0)","(18, 0)","(18, 0)"
994,"(5, 1)","(2, 1)","(3, 1)","(18, 0)","(18, 0)"
995,"(5, 1)","(10, 0)","(10, 0)","(10, 0)","(10, 0)"
996,"(6, 1)","(3, 1)","(18, 0)","(18, 0)","(18, 0)"
997,"(4, 0)","(4, 0)","(4, 0)","(4, 0)","(4, 0)"
998,"(3, 1)","(18, 0)","(18, 0)","(18, 0)","(18, 0)"
999,"(9, 1)","(10, 0)","(10, 0)","(10, 0)","(10, 0)"
